timestamp,roll_deg,pitch_deg,yaw_deg,acc_x,acc_y,acc_z,gyro_x,gyro_y,gyro_z
1785748590.823105,90.7524,-8.6588,-47.1678,0.000000,0.000000,0.000000,-0.024638,-0.003068,-0.002615
1785748590.921435,90.7537,-8.6626,-47.1459,0.000000,0.000000,0.000000,0.017251,0.001415,0.001571
1785748591.021312,90.7537,-8.6583,-47.1739,0.000000,0.000000,0.000000,0.023791,0.001390,0.001183
1785748591.121694,90.7535,-8.6528,-47.2030,0.000000,0.000000,0.000000,-0.007744,-0.000722,-0.001629
1785748591.221216,90.7544,-8.6541,-47.1864,-1.470997,-7.158854,6.295869,-0.020694,-0.001938,-0.001378
1785748591.321772,90.7559,-8.6563,-47.1691,-1.470997,-7.158854,6.295869,-0.008310,0.000061,-0.000188
1785748591.421438,90.7549,-8.6556,-47.1528,-1.470997,-7.158854,6.295869,0.010676,0.000533,0.001070
1785748591.521324,90.7538,-8.6531,-47.1657,-1.470997,-7.158854,6.295869,0.015951,0.002089,0.001256
1785748591.621233,90.7535,-8.6511,-47.1837,-1.470997,-7.158854,6.295869,0.009124,0.001071,0.001443
1785748591.720290,90.7531,-8.6488,-47.1924,-1.480804,-7.129435,6.344903,-0.012976,-0.001879,-0.001181
1785748591.821057,90.7524,-8.6491,-47.1723,-1.480804,-7.129435,6.344903,-0.008990,-0.001793,-0.001055
1785748591.920145,90.7504,-8.6491,-47.1645,-1.480804,-7.129435,6.344903,0.004050,-0.000118,0.000162
1785748592.021072,90.7502,-8.6488,-47.1716,-1.480804,-7.129435,6.344903,0.004060,-0.000489,0.000290
1785748592.121504,90.7484,-8.6459,-47.1737,-1.480804,-7.129435,6.344903,-0.005196,-0.001001,-0.000748
1785748592.221467,90.7475,-8.6465,-47.1659,-1.461191,-7.139241,6.344903,-0.003650,-0.000962,0.000283
1785748592.320246,90.7484,-8.6466,-47.1587,-1.461191,-7.139241,6.344903,0.009672,-0.000113,0.000367
1785748592.421489,90.7467,-8.6418,-47.1757,-1.461191,-7.139241,6.344903,0.006665,0.000296,0.000467
1785748592.521620,90.7485,-8.6425,-47.1827,-1.461191,-7.139241,6.344903,-0.007552,-0.000766,-0.001495
1785748592.621353,90.7480,-8.6437,-47.1683,-1.461191,-7.139241,6.344903,-0.007464,-0.001611,-0.000217
1785748592.720362,90.7500,-8.6434,-47.1581,-1.461191,-7.139241,6.364516,0.004242,0.000564,-0.000092
1785748592.825038,90.7498,-8.6436,-47.1644,-1.461191,-7.139241,6.364516,0.006853,0.000885,0.000086
1785748592.920417,90.7490,-8.6420,-47.1759,-1.461191,-7.139241,6.364516,-0.003131,-0.000595,-0.001365
1785748593.020096,90.7489,-8.6423,-47.1688,-1.461191,-7.139241,6.364516,-0.009471,-0.001166,-0.000847
1785748593.120387,90.7498,-8.6520,-47.1550,-1.461191,-7.139241,6.364516,-0.004437,0.002912,0.000958
1785748593.221348,90.7519,-8.6508,-47.1722,-1.480804,-7.109821,6.364516,0.009652,0.001161,0.000337
1785748593.320192,90.7497,-8.6490,-47.1899,-1.480804,-7.109821,6.364516,-0.018981,-0.001857,-0.001131
1785748593.420379,90.7556,-8.6524,-47.1637,-1.480804,-7.109821,6.364516,-0.024705,-0.001219,-0.002387
1785748593.520489,90.7573,-8.6548,-47.1353,-1.480804,-7.109821,6.364516,0.015098,0.001111,0.000190
1785748593.621346,87.7938,-8.8460,-40.6288,-1.480804,-7.109821,6.364516,0.661405,-0.515339,0.519384
1785748593.720304,87.5778,-8.6598,-41.4556,-1.951523,-5.815343,8.002226,-0.520930,-0.065730,-0.057604
1785748593.823579,86.8294,-8.8179,-41.0051,-1.951523,-5.815343,8.002226,0.316015,-0.163004,0.220743
1785748593.920410,80.3056,-8.1279,-45.6700,-1.951523,-5.815343,8.002226,-1.696136,-1.092647,0.928976
1785748594.021341,80.8790,-7.8194,-37.3518,-1.951523,-5.815343,8.002226,1.756220,-0.347083,-0.197316
1785748594.120261,80.4072,-5.6794,-30.5994,-1.951523,-5.815343,8.002226,1.203520,-0.752967,-0.352413
1785748594.221302,80.1656,-4.4976,-23.7595,-1.412158,-4.010920,7.374601,0.924594,-0.374777,-0.064142
1785748594.320468,79.3321,-4.2152,-20.1262,-1.412158,-4.010920,7.374601,0.768212,-0.050458,0.263534
1785748594.420495,78.9768,-4.0980,-18.6042,-1.412158,-4.010920,7.374601,0.406880,-0.002014,0.017358
1785748594.520296,78.4961,-4.0908,-17.1757,-1.412158,-4.010920,7.374601,0.582937,-0.027435,0.018715
1785748594.620240,78.2526,-3.9808,-16.7618,-1.412158,-4.010920,7.374601,0.112715,-0.049263,-0.199793
1785748594.720298,78.0373,-4.1438,-16.7732,-0.843372,-2.363403,8.884825,0.027587,-0.013723,-0.058822
1785748594.821511,77.9299,-4.1123,-16.2020,-0.843372,-2.363403,8.884825,0.298437,-0.017149,-0.041079
1785748594.920344,77.1416,-3.9518,-10.3558,-0.843372,-2.363403,8.884825,1.636174,-0.089768,0.068781
1785748595.020379,74.9152,-3.8477,6.3866,-0.843372,-2.363403,8.884825,4.139358,0.010434,0.614559
1785748595.120605,73.7555,-1.6345,23.1117,-0.843372,-2.363403,8.884825,2.480412,-0.688456,0.579459
1785748595.220261,73.3333,1.2738,36.2752,-0.019613,3.550007,6.570456,2.870072,-0.458425,0.529677
1785748595.319901,72.5996,4.2816,44.9835,-0.019613,3.550007,6.570456,1.733045,-0.122710,0.612799
1785748595.420329,71.0916,6.8382,49.1185,-0.019613,3.550007,6.570456,0.761150,0.195502,0.476368
1785748595.520443,69.3428,8.5796,49.3981,-0.019613,3.550007,6.570456,0.441129,0.108139,-0.093598
1785748595.620009,69.6853,8.0476,49.0780,-0.019613,3.550007,6.570456,-0.085066,-0.173900,-0.260535
1785748595.720067,70.5602,6.7906,46.8927,1.274865,7.766867,5.442691,-0.356494,-0.011837,-0.389771
1785748595.823012,76.4361,2.7504,37.1959,1.274865,7.766867,5.442691,-2.417648,-0.106170,-1.893646
1785748595.920304,81.1809,1.7821,21.8840,1.274865,7.766867,5.442691,-1.957334,-0.017213,1.405140
1785748596.020113,67.0732,5.1994,16.7162,1.274865,7.766867,5.442691,-0.414640,0.053372,2.916652
1785748596.120353,49.7224,7.5840,13.6879,1.274865,7.766867,5.442691,-0.163002,0.719629,3.040529
1785748596.219965,33.6080,6.0254,9.2916,0.735499,0.931632,9.149604,-0.666766,1.260582,3.319889
1785748596.320251,15.3778,3.7845,8.7333,0.735499,0.931632,9.149604,0.039091,1.094960,2.774152
1785748596.420376,-0.1004,0.9964,9.4877,0.735499,0.931632,9.149604,0.680202,0.680923,2.340577
1785748596.520206,-12.2142,-1.3444,10.8626,0.735499,0.931632,9.149604,0.279276,0.551471,2.121093
1785748596.620075,-23.3063,-1.8429,10.3429,0.735499,0.931632,9.149604,-0.177011,0.320269,1.224831
1785748596.720245,-23.5839,-2.5314,10.0299,-1.137571,-0.333426,9.404577,0.075831,-0.124866,-0.130992
1785748596.821912,-22.5625,-2.1124,9.7475,-1.137571,-0.333426,9.404577,-0.075178,-0.187987,-0.183789
1785748596.919961,-11.8632,-2.1010,8.3551,-1.137571,-0.333426,9.404577,-0.422763,-0.844653,-3.941097
1785748597.020275,23.8521,-1.1612,2.3587,-1.137571,-0.333426,9.404577,-1.289811,-0.372337,-7.096863
1785748597.119972,62.4287,2.2319,-4.5581,-1.137571,-0.333426,9.404577,-2.086618,0.302155,-5.278710
1785748597.220055,78.6256,9.3369,-3.5524,-1.902490,-0.088260,10.934415,0.134786,-0.832655,-1.011454
1785748597.320118,95.5791,9.8256,-0.6268,-1.902490,-0.088260,10.934415,-0.160613,0.633291,-4.003647
1785748597.419938,118.5576,14.5721,2.2413,-1.902490,-0.088260,10.934415,-1.009406,-0.865252,-3.573172
1785748597.519884,139.7490,15.7779,5.6099,-1.902490,-0.088260,10.934415,-0.705533,-0.480471,-2.887066
1785748597.620071,154.5474,14.0579,10.0663,-1.902490,-0.088260,10.934415,0.389780,-0.137561,-1.938245
1785748597.720143,167.0791,15.0998,15.9063,3.079288,1.412158,11.454167,0.874485,0.512637,-2.065130
1785748597.820073,174.7642,11.5580,21.5634,3.079288,1.412158,11.454167,0.158531,0.402633,-0.407815
1785748597.920105,164.2748,15.7594,20.0711,3.079288,1.412158,11.454167,-0.101699,0.336658,2.912461
1785748598.019975,138.4926,15.4162,11.3084,3.079288,1.412158,11.454167,-0.752757,0.943071,5.165687
1785748598.120214,96.2092,12.5803,0.9978,3.079288,1.412158,11.454167,-1.477472,-0.260019,5.560074
1785748598.220190,74.0267,8.2232,6.6496,-0.313813,-6.364516,9.277091,1.103910,1.102746,3.099249
1785748598.319922,65.7579,3.8655,7.7213,-0.313813,-6.364516,9.277091,-1.023310,0.109028,0.864644
1785748598.420063,70.4417,-1.1601,-1.2752,-0.313813,-6.364516,9.277091,-1.578891,2.269294,-0.578392
1785748598.520248,72.6382,-3.7667,-3.2751,-0.313813,-6.364516,9.277091,0.044636,1.265502,-0.460117
1785748598.619933,78.3363,-4.8947,-13.4395,-0.313813,-6.364516,9.277091,-2.542374,-0.767502,-1.222405
1785748598.720032,83.1173,1.8203,-34.0504,-0.813952,-2.432049,8.943665,-4.957435,-0.876786,-1.181491
1785748598.819980,83.8023,9.2929,-67.7089,-0.813952,-2.432049,8.943665,-6.023950,-0.383822,-0.757649
1785748598.920035,80.5615,11.2829,-109.0230,-0.813952,-2.432049,8.943665,-6.871569,-0.585501,-0.275055
1785748599.020149,78.9329,8.3767,-129.2865,-0.813952,-2.432049,8.943665,-0.750875,-0.244199,0.758835
1785748599.120101,80.7993,7.4778,-129.0724,-0.813952,-2.432049,8.943665,0.894083,0.278150,0.336522
1785748599.220029,83.0053,5.8422,-106.2450,1.225831,-8.012033,-5.874183,6.378297,0.305175,0.817755
1785748599.320069,82.4991,0.7210,-62.1184,1.225831,-8.012033,-5.874183,8.101686,-0.466766,0.553942
1785748599.420063,79.5908,0.4488,-13.8980,1.225831,-8.012033,-5.874183,8.709612,-0.613100,0.389352
1785748599.520107,85.4956,2.9959,25.1425,1.225831,-8.012033,-5.874183,4.766780,-0.357840,-1.678397
1785748599.620081,89.8768,2.3860,40.1404,1.225831,-8.012033,-5.874183,1.318892,-0.072550,0.230717
1785748599.719890,88.5413,5.7094,52.6002,0.343233,6.923495,9.031925,1.797778,-0.194670,0.310823
1785748599.820105,89.3379,6.9356,60.4278,0.343233,6.923495,9.031925,1.365765,-0.630917,-0.014795
1785748599.919908,90.8628,8.3812,64.3796,0.343233,6.923495,9.031925,0.213454,-0.198964,0.130326
1785748600.019998,90.8151,8.5973,66.0478,0.343233,6.923495,9.031925,0.028445,-0.107418,0.076159
1785748600.119930,91.3306,8.8011,65.3994,0.343233,6.923495,9.031925,-0.356585,-0.185995,-0.005077
1785748600.219962,91.5585,8.6135,65.6028,1.559257,8.443526,3.040061,0.001243,-0.215080,-0.009360
1785748600.319818,92.0863,8.8265,66.7685,1.559257,8.443526,3.040061,0.506992,-0.145198,0.006428
1785748600.419897,91.7559,9.8656,66.7330,1.559257,8.443526,3.040061,-0.081202,0.292267,0.074790
1785748600.519897,91.4422,9.4781,65.1577,1.559257,8.443526,3.040061,-0.318627,-0.164321,0.005242
1785748600.619870,92.7020,9.1768,61.7837,1.559257,8.443526,3.040061,-1.650569,-0.293385,-0.253865
1785748600.719725,96.5157,8.8833,52.9101,1.578871,8.649465,4.991585,-3.119107,-0.930289,-0.608914
1785748600.819826,101.5451,9.6953,37.1283,1.578871,8.649465,4.991585,-3.670858,-1.052054,-0.239499
1785748600.919836,104.7979,13.1775,20.6607,1.578871,8.649465,4.991585,-3.199388,-0.824355,0.095967
1785748601.019908,104.6506,14.5922,9.1441,1.578871,8.649465,4.991585,-1.175082,0.186779,0.591296
1785748601.120094,103.3439,14.8419,5.0273,1.578871,8.649465,4.991585,-0.800638,-0.057243,-0.121580
1785748602.636413,80.7082,-0.5919,-33.8287,-0.176520,-5.570177,7.864933,0.032220,-0.001469,-0.000857
1785748603.036392,80.7238,-0.6145,-33.2052,-0.176520,-5.570177,7.864933,0.013277,0.000215,0.001293
1785748603.436271,80.7238,-0.6318,-32.9525,-0.176520,-5.570177,7.864933,0.009577,-0.000494,0.001579
